Metric,Metric_Type,Test_Type,p_value,Effect_Size,Significance,Good_MOCA_N,Good_MOCA_Mean,Good_MOCA_Std,Good_MOCA_Median,Bad_MOCA_N,Bad_MOCA_Mean,Bad_MOCA_Std,Bad_MOCA_Median,Normality_Assumption,Additional_Info,Mean_Difference,Median_Difference
SE_KDE_Entropy,complexity,Mann-Whitney U,0.4956989159246712,0.02976153872332367,ns,456,3.3548303747637958,0.3045714863305581,3.2556552473976197,68,3.3793941793486413,0.4297379534739741,3.244072689413245,False,"Good normal: False, Bad normal: False",-0.024563804584845528,0.011582557984374908
SE_N_Peaks,complexity,Mann-Whitney U,0.09631645981362544,0.07264761406731161,ns,456,1.0328947368421053,0.2224073035570887,1.0,68,1.1764705882352942,0.7111306211351516,1.0,False,"Good normal: False, Bad normal: False",-0.14357585139318885,0.0
rSO2_KDE_Entropy,complexity,Mann-Whitney U,7.754755268994394e-06,0.1953534649532846,***,456,3.0408893927752385,0.019289372223640428,3.034106042197385,68,3.065928738457796,0.045963080424835656,3.04773946414882,False,"Good normal: False, Bad normal: False",-0.02503934568255728,-0.013633421951434688
rSO2_N_Peaks,complexity,t-test,,0.0,ns,456,1.0,0.0,1.0,68,1.0,0.0,1.0,True,"Good normal: True, Bad normal: True",0.0,0.0
MAP_KDE_Entropy,complexity,Mann-Whitney U,0.10310380476158047,0.0712064036121361,ns,456,3.3780975732642853,0.37815438272686414,3.251152805091285,68,3.459851874695571,0.45195526177215883,3.38846219104706,False,"Good normal: False, Bad normal: False",-0.08175430143128581,-0.13730938595577502
MAP_N_Peaks,complexity,Mann-Whitney U,0.03712685824739605,0.09105596581873124,*,456,1.105263157894737,0.48933093685210144,1.0,68,1.2352941176470589,0.7354082439965,1.0,False,"Good normal: False, Bad normal: False",-0.13003095975232193,0.0
rSO2_contra_KDE_Entropy,complexity,Mann-Whitney U,0.017456799774246325,0.1038372238635834,*,456,3.0360700417324353,0.011989530617967032,3.03200621011256,68,3.0389971602277615,0.014508109591912306,3.034886090296645,False,"Good normal: False, Bad normal: False",-0.00292711849532612,-0.0028798801840848043
rSO2_contra_N_Peaks,complexity,t-test,,0.0,ns,456,1.0,0.0,1.0,68,1.0,0.0,1.0,True,"Good normal: True, Bad normal: True",0.0,0.0
