Scale,Band,Metric,Metric_Type,Test_Type,p_value,Effect_Size,Significance,Good_MOCA_N,Good_MOCA_Mean,Good_MOCA_Std,Good_MOCA_Median,Bad_MOCA_N,Bad_MOCA_Mean,Bad_MOCA_Std,Bad_MOCA_Median,Normality_Assumption,Additional_Info,Mean_Difference,Median_Difference
scale_10,Myogenic,rSO2_IQR,variability,Levene test,0.027817991767150656,3.4659257629016254,*,38,0.362772041057059,0.2634794712535631,0.3154511932517555,5,0.5709631070237506,0.49051965187573315,0.615276824026109,True,Variance ratio: 3.466,-0.20819106596669162,-0.2998256307743534
scale_10,Myogenic,rSO2_Mode_Angle,location,Mann-Whitney U,0.03995229576624926,0.31326893575157694,*,38,-0.0021139116486900617,0.038132000541194554,-0.0038710734433564003,5,0.03323095445773985,0.030113811561331267,0.0385864211847249,False,"Good normal: False, Bad normal: True",-0.035344866106429916,-0.0424574946280813
scale_10,Myogenic,MAP_Kurtosis,distribution_shape,Mann-Whitney U,0.02906509259316974,0.3328437669246829,*,38,4.293346146786436,1.7151535581217425,4.029595484283785,5,6.091231819784578,1.4724557903072706,6.58870604436459,False,"Good normal: False, Bad normal: True",-1.7978856729981416,-2.5591105600808053
scale_10,Myogenic,rSO2_contra_Mean,location,Mann-Whitney U,0.008412649932786065,0.40184036759274244,**,38,0.0030347368312953317,0.012012324382608233,-0.0001734703141123,5,-0.0038930999787027396,0.0029380007187597675,-0.003265231676131,False,"Good normal: False, Bad normal: True",0.006927836809998072,0.0030917613620187
scale_10,Myogenic,rSO2_autoregulation_capacity,biomarker,t-test,0.03478130011796503,1.038723913473187,*,38,0.33333333333333287,1.1251260139334012e-16,0.333333333333333,5,0.333333333333333,0.0,0.333333333333333,True,"Good normal: True, Bad normal: True",-1.1102230246251565e-16,0.0
