Band,Metric,Test_Type,p_value,Test_Stat,Effect_Size,Effect_Category,Significance,DOWN_N,DOWN_Mean,DOWN_Std,SAME_N,SAME_Mean,SAME_Std
Respiratory,respiratory_coherence,Wilcoxon,0.0250644102962202,2.2404085719865,0.280051071498312,közepes,*,22,0.302859730425235,0.177552612643286,42,0.242709865071559,0.226572171430139
Cardiac,fundamental_frequency,Wilcoxon,0.037034067702644,-2.08538830340132,0.260673537925165,közepes,*,22,0.505149147727273,0.087615403771447,42,0.545479910714286,0.0753845846014488
